"Timestamp","What is your gender?","What is your age group?","What is your Country of Residence?","Are you subscribed to a music streaming platform?","Why do you not use music streaming? (multiple answers possible)","Which channels do you use instead? (you can finish this survey after this question)","Which platform do you use mainly?","Why do you use this platform?","Which subscription model do you use?","How often do you use music streaming?","On which devices do you use music streaming services?","When do you use music streaming services?","How satisfied are you with your current music streaming platform?","I am satisfied, because...","I am not satisfied, because...","Which of the following interfaces do you find most appealing?","What do you consider must-have, nice-to-have features on a music streaming platform and what do you personally not need? [High-quality audio ]","What do you consider must-have, nice-to-have features on a music streaming platform and what do you personally not need? [Cross-Platform Syncing ]","What do you consider must-have, nice-to-have features on a music streaming platform and what do you personally not need? [Shared Playlists ]","What do you consider must-have, nice-to-have features on a music streaming platform and what do you personally not need? [Live Lyrics Integration]","What do you consider must-have, nice-to-have features on a music streaming platform and what do you personally not need? [Smart Speaker Integration]","What do you consider must-have, nice-to-have features on a music streaming platform and what do you personally not need? [Concert & Event Integration]","What do you consider must-have, nice-to-have features on a music streaming platform and what do you personally not need? [Podcast]","What do you consider must-have, nice-to-have features on a music streaming platform and what do you personally not need? [Offline Mode]","What do you consider must-have, nice-to-have features on a music streaming platform and what do you personally not need? [Live Streaming Events]","What do you consider must-have, nice-to-have features on a music streaming platform and what do you personally not need? [Sleep Timer]","What do you consider must-have, nice-to-have features on a music streaming platform and what do you personally not need? [Genre-Based Radio Stations ]","What do you consider must-have, nice-to-have features on a music streaming platform and what do you personally not need? [Music Videos]","What do you consider must-have, nice-to-have features on a music streaming platform and what do you personally not need? [Personalized Recommendations]","What do you consider must-have, nice-to-have features on a music streaming platform and what do you personally not need? [Vast Music Library]","What do you consider must-have, nice-to-have features on a music streaming platform and what do you personally not need? [Exact Search and Discovery]","What do you consider must-have, nice-to-have features on a music streaming platform and what do you personally not need? [Enhanced Artist Pages (e.g., biography)]","What do you consider must-have, nice-to-have features on a music streaming platform and what do you personally not need? [User Reviews and Ratings]","What do you consider must-have, nice-to-have features on a music streaming platform and what do you personally not need? [Launch A Mix Inspired By A Song You Love]","What do you consider must-have, nice-to-have features on a music streaming platform and what do you personally not need? [Change Your Country Recommendations ]","What do you consider must-have, nice-to-have features on a music streaming platform and what do you personally not need? [Flow (moods, genres) ]","What do you consider must-have, nice-to-have features on a music streaming platform and what do you personally not need? [Song catcher (tracks and/or humming)]","What do you consider must-have, nice-to-have features on a music streaming platform and what do you personally not need? [Music Quizz ]"
"2023/11/17 1:04:04 pm CET","Female","16-24","Ireland","Yes","","","Apple Music","Price;Selection of music and artists;Easy usage;Subscription plan","Premium (Family)","Multiple times a day","Smart Watch;Phone","During car rides;During rides with public transport;Free time;During studying;During workouts;During work;Party","4","All Artists, good price ","No smooth way to the next song ","Apple Music","Must-have","Must-have","Nice-to-have","Must-have","Must-have","Nice-to-have","Nice-to-have","Must-have","Don´t need it","Don´t need it","Don´t need it","Nice-to-have","Must-have","Must-have","Must-have","Nice-to-have","Nice-to-have","Nice-to-have","Nice-to-have","Nice-to-have","Must-have","Don´t need it"
"2023/11/17 1:56:19 pm CET","Female","16-24","Germany","Yes","","","Spotify","Selection of music and artists;Popularity of platform","Premium (Student)","Multiple times a day","Phone","During car rides;During rides with public transport;During workouts","4","","","Spotify","Must-have","Nice-to-have","Nice-to-have","Nice-to-have","Nice-to-have","Don´t need it","Nice-to-have","Must-have","Don´t need it","Don´t need it","Nice-to-have","Don´t need it","Must-have","Must-have","Must-have","Don´t need it","Nice-to-have","Don´t need it","Don´t need it","Must-have","Nice-to-have","Nice-to-have"
"2023/11/17 1:57:10 pm CET","Female","16-24","Ireland","Yes","","","Spotify","Feature variety;Easy usage;Popularity of platform;Subscription plan","Premium (Family)","Multiple times a day","Phone","During car rides;During rides with public transport;Free time;During studying;During workouts;Party","5","all the music, + free podcasts and audiobooks ","-","Spotify","Must-have","Nice-to-have","Nice-to-have","Must-have","Nice-to-have","Nice-to-have","Must-have","Must-have","Don´t need it","Nice-to-have","Must-have","Don´t need it","Must-have","Must-have","Must-have","Don´t need it","Don´t need it","Must-have","Must-have","Must-have","Nice-to-have","Don´t need it"
"2023/11/17 2:05:28 pm CET","Male","16-24","Ireland","Yes","","","Spotify","Price;Selection of music and artists;Popularity of platform","Premium (Individual)","Multiple times a day","Phone;Laptop;iPad or Tablet","During car rides;During rides with public transport;Free time;During studying;During workouts;During work;Party","5","Great price, good exclusives, every song is available ","","Spotify","Must-have","Nice-to-have","Must-have","Nice-to-have","Nice-to-have","Nice-to-have","Must-have","Must-have","Nice-to-have","Don´t need it","Nice-to-have","Don´t need it","Nice-to-have","Must-have","Must-have","Nice-to-have","Don´t need it","Don´t need it","Nice-to-have","Nice-to-have","Must-have","Don´t need it"
"2023/11/17 2:09:12 pm CET","Male","45-54","Heuss","Yes","","","Deezer","Subscription plan","Premium (Family)","Once a week","iPad or Tablet","Party","5","","","Deezer","Don´t need it","Don´t need it","Don´t need it","Don´t need it","Don´t need it","Don´t need it","Don´t need it","Don´t need it","Don´t need it","Don´t need it","Don´t need it","Don´t need it","Don´t need it","Don´t need it","Don´t need it","Don´t need it","Don´t need it","Don´t need it","Don´t need it","Don´t need it","Nice-to-have","Nice-to-have"
"2023/11/17 2:35:01 pm CET","Female","16-24","Ireland ","Yes","","","Spotify","Price;Feature variety;Easy usage;Popularity of platform","Premium (Family)","Multiple times a day","Phone;iPad or Tablet","During car rides;During rides with public transport;Free time;During workouts;During work;Party","5","","","Spotify","Must-have","Must-have","Must-have","Nice-to-have","Must-have","Don´t need it","Must-have","Must-have","Don´t need it","Don´t need it","Don´t need it","Don´t need it","Must-have","Must-have","Must-have","Nice-to-have","Nice-to-have","Nice-to-have","Must-have","Nice-to-have","Nice-to-have","Nice-to-have"
"2023/11/17 6:38:28 pm CET","Male","55-64","Germany","Yes","","","Apple Music","Selection of music and artists;Easy usage","Free","Once a week","Phone","During car rides;Free time","4","I am able to listen my most  favorite music","","Apple Music","Nice-to-have","Must-have","Must-have","Nice-to-have","Nice-to-have","Nice-to-have","Nice-to-have","Must-have","Nice-to-have","Nice-to-have","Nice-to-have","Nice-to-have","Nice-to-have","Must-have","Must-have","Nice-to-have","Nice-to-have","Nice-to-have","Nice-to-have","Nice-to-have","Nice-to-have","Nice-to-have"
"2023/11/18 10:57:24 am CET","Female","55-64","Germany","Yes","","","Apple Music","Feature variety;Selection of music and artists;Easy usage;Device compatibility","Premium (Family)","Once a day","Phone;Apple car play","During car rides;In bed","5","I could find all music i wann and i Love the albums","","Apple Music","Must-have","Must-have","Nice-to-have","Don´t need it","Nice-to-have","Nice-to-have","Must-have","Don´t need it","Nice-to-have","Don´t need it","Nice-to-have","Must-have","Nice-to-have","Don´t need it","Nice-to-have","Must-have","Don´t need it","Don´t need it","Don´t need it","Nice-to-have","Nice-to-have","Don´t need it"
"2023/11/21 11:27:24 am CET","Male","16-24","Netherlands","No","Too prices","Digital Downloads;Youtube;Free version of subscription services","","","","","","","","","","","","","","","","","","","","","","","","","","","","","","","",""
"2023/11/21 11:29:23 am CET","Female","16-24","ireland","Yes","","","Spotify","Easy usage;Popularity of platform;Subscription plan","Premium (Family)","Multiple times a day","Phone;Laptop;TV;iPad or Tablet","During car rides;During rides with public transport;Free time;During studying;During workouts;During work;Party","4","","","Spotify","Must-have","Nice-to-have","Must-have","Must-have","Must-have","Nice-to-have","Must-have","Must-have","Nice-to-have","Must-have","Must-have","Must-have","Must-have","Must-have","Must-have","Nice-to-have","Nice-to-have","Must-have","Don´t need it","Must-have","Must-have","Nice-to-have"
"2023/11/21 11:29:38 am CET","Male","16-24","France ","Yes","","","Spotify","Popularity of platform","Premium (Family)","A few times a month","Phone","During studying;During workouts","5","Does what I need it to do, since I rarely use it it doesn't bother me to much.","","Spotify","Nice-to-have","Nice-to-have","Nice-to-have","Nice-to-have","Nice-to-have","Nice-to-have","Must-have","Nice-to-have","Nice-to-have","Must-have","Nice-to-have","Nice-to-have","Nice-to-have","Nice-to-have","Nice-to-have","Nice-to-have","Nice-to-have","Nice-to-have","Nice-to-have","Nice-to-have","Nice-to-have","Nice-to-have"
"2023/11/21 11:30:07 am CET","Male","16-24","Ireland","Yes","","","Spotify","Popularity of platform;Subscription plan","Premium (Family)","Multiple times a day","Phone;Laptop;iPad or Tablet","During car rides;During rides with public transport;Free time;During studying;During workouts;During work","4","it entertains me and has most artists, podcasts and music I want","it is sometimes buggy","Spotify","Must-have","Nice-to-have","Must-have","Must-have","Nice-to-have","Don´t need it","Must-have","Must-have","Don´t need it","Nice-to-have","Nice-to-have","Nice-to-have","Nice-to-have","Must-have","Nice-to-have","Must-have","Nice-to-have","Nice-to-have","Don´t need it","Nice-to-have","Nice-to-have","Don´t need it"
"2023/11/21 11:30:12 am CET","Female","16-24","Germany","Yes","","","Apple Music","Device compatibility","Premium (Student)","Multiple times a day","Phone;Laptop","During rides with public transport;Free time;During workouts;For walks","4","I love the selection of music ","I would like better tailored suggestions and I wish there were more stats available as with Spotify and the ability to compare/share playlists with friends ","Apple Music","Must-have","Nice-to-have","Nice-to-have","Nice-to-have","Nice-to-have","Don´t need it","Don´t need it","Must-have","Don´t need it","Nice-to-have","Don´t need it","Don´t need it","Must-have","Must-have","Must-have","Nice-to-have","Don´t need it","Nice-to-have","Nice-to-have","Nice-to-have","Nice-to-have","Nice-to-have"
"2023/11/21 11:31:15 am CET","Male","16-24","Canada","Yes","","","Spotify","Easy usage;Popularity of platform;Device compatibility;Back home a subscription came with phone plan ","Premium (Family)","Multiple times a day","Phone;Laptop;TV","During car rides;During rides with public transport;Free time;During studying;During workouts;During work","5","Tbh I haven’t tried any of the others. Everything I want is on Spotify. I have all my playlists etc. I don’t want to change. ","N/A","Apple Music","Must-have","Must-have","Nice-to-have","Nice-to-have","Don´t need it","Don´t need it","Must-have","Must-have","Don´t need it","Don´t need it","Nice-to-have","Nice-to-have","Don´t need it","Must-have","Must-have","Nice-to-have","Don´t need it","Nice-to-have","Don´t need it","Nice-to-have","Nice-to-have","Nice-to-have"
"2023/11/21 11:31:40 am CET","Male","16-24","Ireland","Yes","","","Deezer","Easy usage;Subscription plan","Premium (Family)","Multiple times a day","Phone;Laptop","During car rides;Free time;During workouts;Party","5","","","Deezer","Nice-to-have","Must-have","Nice-to-have","Don´t need it","Don´t need it","Don´t need it","Nice-to-have","Must-have","Don´t need it","Don´t need it","Don´t need it","Don´t need it","Must-have","Must-have","Must-have","Nice-to-have","Nice-to-have","Must-have","Don´t need it","Must-have","Nice-to-have","Nice-to-have"
"2023/11/21 11:31:49 am CET","Female","16-24","Germany","No","Too prices","Digital Downloads;Youtube;Spotify free","","","","","","","","","","","","","","","","","","","","","","","","","","","","","","","",""
"2023/11/21 11:33:38 am CET","Female","16-24","Ireland","Yes","","","Spotify","Feature variety;Easy usage;Popularity of platform;Device compatibility","Premium (Student)","Multiple times a day","Phone","During rides with public transport;Free time;During studying;Party","5","Affordable student pricing, availability of songs and podcasts released exclusively to Spotify.","Notifications aren’t accurate and are hit or miss when wanting to be notified about new podcast releases.","Spotify","Must-have","Must-have","Must-have","Don´t need it","Nice-to-have","Nice-to-have","Must-have","Nice-to-have","Don´t need it","Don´t need it","Don´t need it","Don´t need it","Must-have","Must-have","Must-have","Don´t need it","Don´t need it","Nice-to-have","Nice-to-have","Nice-to-have","Nice-to-have","Don´t need it"
"2023/11/21 11:34:33 am CET","Female","16-24","Germany","Yes","","","Spotify","Price","Free","Once a day","Phone","During car rides;During rides with public transport;During studying","5","I don’t have to pay","","Spotify","Nice-to-have","Nice-to-have","Nice-to-have","Don´t need it","Don´t need it","Nice-to-have","Don´t need it","Must-have","Don´t need it","Don´t need it","Nice-to-have","Don´t need it","Nice-to-have","Must-have","Must-have","Don´t need it","Don´t need it","Don´t need it","Nice-to-have","Must-have","Don´t need it","Don´t need it"
"2023/11/21 11:34:39 am CET","Female","16-24","Brazil","Yes","","","Spotify","Selection of music and artists;Easy usage;Subscription plan","Premium (Family)","Multiple times a day","Phone;Laptop","During car rides;During rides with public transport;Free time;During studying;Party","5","They offer everything I like to listen to and because it's affordable","","Google Music","Nice-to-have","Nice-to-have","Must-have","Must-have","Nice-to-have","Don´t need it","Nice-to-have","Must-have","Don´t need it","Don´t need it","Nice-to-have","Don´t need it","Nice-to-have","Must-have","Must-have","Don´t need it","Don´t need it","Nice-to-have","Nice-to-have","Nice-to-have","Nice-to-have","Don´t need it"
"2023/11/21 11:35:48 am CET","Male","16-24","Germany","Yes","","","Spotify","Because someone else is paying for it","Premium (Family)","Multiple times a day","Phone;Laptop;iPad or Tablet","During car rides;During rides with public transport;Free time;During studying;During workouts;During work;Party","4","i can listen to almost unlimited music ","it is hard to find new music that is actually to my taste on the platform itself","Apple Music","Must-have","Must-have","Must-have","Nice-to-have","Must-have","Nice-to-have","Don´t need it","Must-have","Don´t need it","Must-have","Nice-to-have","Don´t need it","Must-have","Must-have","Must-have","Nice-to-have","Don´t need it","Nice-to-have","Nice-to-have","Nice-to-have","Must-have","Nice-to-have"
"2023/11/21 11:35:55 am CET","Male","16-24","United Kingdom","No","Too prices;I am not very interested in music","I don´t listen to music","","","","","","","","","","","","","","","","","","","","","","","","","","","","","","","",""
"2023/11/21 11:36:20 am CET","Male","16-24","Germany","Yes","","","Apple Music","Feature variety;Easy usage;Device compatibility","Premium (Student)","Several times a week","Smart Watch;Phone;iPad or Tablet","During car rides;During workouts;Party","4","cheap, ease to use, nice interface, high quality audio","lots of good playlists are found on other platforms and can‘t be transferred, from time to time, songs are taken offline/disappear","Apple Music","Nice-to-have","Must-have","Must-have","Nice-to-have","Don´t need it","Nice-to-have","Nice-to-have","Must-have","Don´t need it","Must-have","Must-have","Don´t need it","Must-have","Nice-to-have","Nice-to-have","Nice-to-have","Don´t need it","Must-have","Don´t need it","Nice-to-have","Don´t need it","Don´t need it"
"2023/11/21 11:36:26 am CET","Female","16-24","UK","Yes","","","Spotify","Price;Selection of music and artists;Easy usage;Device compatibility;Subscription plan","Premium (Family)","Multiple times a day","Phone;Laptop","During car rides;During rides with public transport;Free time;During studying;During workouts;During work","5","Offer, API; pricing, easy compatibility","NA","Spotify","Must-have","Nice-to-have","Nice-to-have","Nice-to-have","Nice-to-have","Don´t need it","Must-have","Must-have","Nice-to-have","Nice-to-have","Nice-to-have","Don´t need it","Don´t need it","Must-have","Must-have","Don´t need it","Don´t need it","Nice-to-have","Don´t need it","Don´t need it","Nice-to-have","Don´t need it"
"2023/11/21 11:37:16 am CET","Male","16-24","Ireland","Yes","","","Spotify","Feature variety;Selection of music and artists;Easy usage;Popularity of platform","Premium (Family)","Multiple times a day","Phone;Laptop","During car rides;During rides with public transport;Free time;During studying;During workouts;During work;Party","4","","Lack of unlicensed music ","Spotify","Must-have","Nice-to-have","Nice-to-have","Don´t need it","Nice-to-have","Nice-to-have","Must-have","Must-have","Nice-to-have","Nice-to-have","Nice-to-have","Don´t need it","Must-have","Must-have","Must-have","Nice-to-have","Don´t need it","Must-have","Nice-to-have","Must-have","Nice-to-have","Nice-to-have"
"2023/11/21 11:37:36 am CET","Female","16-24","France ","Yes","","","Deezer","Feature variety;Selection of music and artists","Premium (Family)","Multiple times a day","Phone;Laptop;iPad or Tablet","During car rides;During rides with public transport;During studying;During workouts;During work;Party","5","","","Deezer","Must-have","Must-have","Must-have","Nice-to-have","Nice-to-have","Must-have","Must-have","Must-have","Don´t need it","Must-have","Nice-to-have","Nice-to-have","Must-have","Must-have","Must-have","Must-have","Must-have","Must-have","Must-have","Must-have","Must-have","Nice-to-have"
"2023/11/21 11:38:00 am CET","Male","16-24","Germany","Yes","","","Spotify","Feature variety;Selection of music and artists;Easy usage;Popularity of platform","Premium (Family)","Several times a week","Phone;Computer","During car rides;During rides with public transport;During workouts","5","","","Spotify","Must-have","Don´t need it","Nice-to-have","Nice-to-have","Nice-to-have","Don´t need it","Must-have","Must-have","Don´t need it","Nice-to-have","Nice-to-have","Don´t need it","Must-have","Nice-to-have","Must-have","Nice-to-have","Nice-to-have","Nice-to-have","Don´t need it","Must-have","Don´t need it","Don´t need it"
"2023/11/21 11:38:02 am CET","Female","16-24","Germany ","Yes","","","Apple Music","Price;Selection of music and artists;Easy usage;Popularity of platform;Device compatibility","Premium (Family)","Multiple times a day","Phone;iPad or Tablet","During car rides;During rides with public transport;Free time;During studying;During workouts;Party","5","","","Apple Music","Must-have","Nice-to-have","Must-have","Must-have","Nice-to-have","Nice-to-have","Must-have","Must-have","Nice-to-have","Nice-to-have","Must-have","Nice-to-have","Must-have","Must-have","Must-have","Nice-to-have","Nice-to-have","Nice-to-have","Nice-to-have","Nice-to-have","Don´t need it","Don´t need it"
"2023/11/21 11:38:07 am CET","Female","16-24","Germany","Yes","","","Spotify","Feature variety;Selection of music and artists;Easy usage;Popularity of platform;Device compatibility;Subscription plan","Premium (Family)","Multiple times a day","Phone;iPad or Tablet","During rides with public transport;Free time;During studying;During workouts;Party","4","easy to use, broad variety of artists, podcasts","","Spotify","Must-have","Must-have","Must-have","Nice-to-have","Nice-to-have","Nice-to-have","Must-have","Must-have","Don´t need it","Don´t need it","Don´t need it","Don´t need it","Must-have","Must-have","Must-have","Don´t need it","Don´t need it","Don´t need it","Nice-to-have","Don´t need it","Don´t need it","Don´t need it"
"2023/11/21 11:38:07 am CET","Male","16-24","Ireland ","Yes","","","Spotify","Feature variety;Selection of music and artists;Easy usage;Popularity of platform;Device compatibility","Premium (Family)","Multiple times a day","Phone;Laptop;iPad or Tablet","During car rides;During rides with public transport;Free time;During studying","5","","","Spotify","Must-have","Must-have","Must-have","Nice-to-have","Nice-to-have","Nice-to-have","Must-have","Must-have","Nice-to-have","Nice-to-have","Nice-to-have","Nice-to-have","Must-have","Must-have","Must-have","Nice-to-have","Nice-to-have","Nice-to-have","Nice-to-have","Nice-to-have","Nice-to-have","Nice-to-have"
"2023/11/21 11:38:15 am CET","Female","16-24","Germany","Yes","","","Spotify","Feature variety;Selection of music and artists;Easy usage;Popularity of platform","Premium (Student)","Multiple times a day","Phone;iPad or Tablet","During car rides;During rides with public transport;During studying;During workouts;Walking","5","","","Spotify","Nice-to-have","Nice-to-have","Must-have","Must-have","Don´t need it","Don´t need it","Must-have","Must-have","Don´t need it","Nice-to-have","Nice-to-have","Don´t need it","Must-have","Must-have","Must-have","Must-have","Nice-to-have","Must-have","Must-have","Must-have","Must-have","Nice-to-have"
"2023/11/21 11:39:09 am CET","Female","16-24","Ireland ","Yes","","","Spotify","Feature variety;Selection of music and artists;Easy usage;Device compatibility","Premium (Family)","Multiple times a day","Phone","During rides with public transport;Free time","4","","","Spotify","Must-have","Nice-to-have","Nice-to-have","Nice-to-have","Nice-to-have","Nice-to-have","Must-have","Must-have","Nice-to-have","Nice-to-have","Must-have","Don´t need it","Must-have","Nice-to-have","Nice-to-have","Don´t need it","Don´t need it","Nice-to-have","Don´t need it","Nice-to-have","Don´t need it","Don´t need it"
"2023/11/21 11:39:22 am CET","Male","16-24","france","Yes","","","Spotify","Price;Feature variety;Selection of music and artists;Easy usage;Popularity of platform;Subscription plan","Premium (Family)","Multiple times a day","Phone;Laptop","During car rides;During rides with public transport;During workouts;Party","4","","","Spotify","Must-have","Nice-to-have","Nice-to-have","Nice-to-have","Nice-to-have","Don´t need it","Must-have","Must-have","Don´t need it","Must-have","Nice-to-have","Nice-to-have","Nice-to-have","Must-have","Nice-to-have","Nice-to-have","Nice-to-have","Nice-to-have","Nice-to-have","Nice-to-have","Don´t need it","Don´t need it"
"2023/11/21 11:40:09 am CET","Male","16-24","Germany","Yes","","","Spotify","Easy usage","Premium (Student)","Multiple times a day","Phone;Laptop;iPad or Tablet","During car rides;During rides with public transport;Free time;During studying;During workouts;During work;Party","5","","","Apple Music","Must-have","Must-have","Must-have","Must-have","Must-have","Don´t need it","Must-have","Must-have","Don´t need it","Must-have","Don´t need it","Don´t need it","Must-have","Must-have","Must-have","Don´t need it","Don´t need it","Must-have","Nice-to-have","Don´t need it","Nice-to-have","Don´t need it"
"2023/11/21 11:40:30 am CET","Male","25-34","Germany","Yes","","","Apple Music","Easy usage","Premium (Family)","Several times a week","Phone","During rides with public transport","3","All good","Price per Usage is to high ","Apple Music","Must-have","Nice-to-have","Must-have","Nice-to-have","Must-have","Nice-to-have","Nice-to-have","Must-have","Nice-to-have","Nice-to-have","Nice-to-have","Nice-to-have","Must-have","Must-have","Must-have","Nice-to-have","Nice-to-have","Nice-to-have","Must-have","Nice-to-have","Nice-to-have","Don´t need it"
"2023/11/21 11:41:08 am CET","Female","25-34","Germany","Yes","","","Spotify","Price;Selection of music and artists;Easy usage;Popularity of platform;Device compatibility","Premium (Family)","Multiple times a day","Phone;Laptop","During rides with public transport;Free time;During studying;During work","4","of the selection of music, device compatibility, podcasts and audio books available, ","many suggested playlists are not relevant and I cannot stop the recommendations showing up, individual songs in blend cannot be deleted","Spotify","Must-have","Don´t need it","Nice-to-have","Must-have","Nice-to-have","Nice-to-have","Must-have","Must-have","Don´t need it","Nice-to-have","Don´t need it","Don´t need it","Nice-to-have","Must-have","Must-have","Nice-to-have","Don´t need it","Must-have","Must-have","Must-have","Must-have","Don´t need it"
"2023/11/21 11:41:26 am CET","Female","16-24","Ireland","Yes","","","Spotify","Price;Feature variety;Selection of music and artists;Easy usage;Popularity of platform;Device compatibility","Premium (Family)","Multiple times a day","Phone","Free time;During studying;During workouts;Party","5","","","Spotify","Must-have","Nice-to-have","Must-have","Nice-to-have","Nice-to-have","Nice-to-have","Must-have","Must-have","Don´t need it","Don´t need it","Nice-to-have","Don´t need it","Nice-to-have","Must-have","Must-have","Nice-to-have","Nice-to-have","Nice-to-have","Nice-to-have","Must-have","Must-have","Don´t need it"
"2023/11/21 11:42:32 am CET","Male","16-24","Italy","Yes","","","Spotify","Price;Easy usage;Subscription plan","Premium (Student)","Multiple times a day","Phone;Laptop;iPad or Tablet","During car rides;During rides with public transport;Free time;During studying;During workouts;Party","5","","","Apple Music","Nice-to-have","Don´t need it","Must-have","Must-have","Nice-to-have","Nice-to-have","Must-have","Must-have","Must-have","Nice-to-have","Must-have","Nice-to-have","Must-have","Must-have","Must-have","Nice-to-have","Nice-to-have","Must-have","Nice-to-have","Must-have","Nice-to-have","Nice-to-have"
"2023/11/21 11:42:34 am CET","Female","16-24","Austria ","Yes","","","Spotify","Feature variety;Selection of music and artists;Easy usage;Popularity of platform","Premium (Family)","Multiple times a day","Phone;Laptop","During car rides;During rides with public transport;Free time;During workouts;Party","5","","","Spotify","Must-have","Nice-to-have","Nice-to-have","Must-have","Must-have","Nice-to-have","Must-have","Must-have","Don´t need it","Don´t need it","Nice-to-have","Don´t need it","Must-have","Must-have","Must-have","Don´t need it","Nice-to-have","Must-have","Nice-to-have","Must-have","Nice-to-have","Nice-to-have"
"2023/11/21 11:42:42 am CET","Female","16-24","Germany","Yes","","","Spotify","Price;Feature variety;Selection of music and artists;Easy usage;Popularity of platform;Subscription plan","Premium (Family)","Multiple times a day","Phone","During car rides;During rides with public transport;Free time;During studying;During workouts;During work;Party","5"," All the music I need, recommendations to find new music I like, podcasts and audiobooks inclusive  ","","Apple Music","Must-have","Nice-to-have","Nice-to-have","Nice-to-have","Don´t need it","Don´t need it","Must-have","Must-have","Nice-to-have","Nice-to-have","Must-have","Don´t need it","Must-have","Must-have","Must-have","Nice-to-have","Nice-to-have","Must-have","Must-have","Must-have","Nice-to-have","Don´t need it"
"2023/11/21 11:43:02 am CET","Female","16-24","Germany","Yes","","","Spotify","Feature variety;Selection of music and artists;Easy usage;Popularity of platform;Device compatibility;Subscription plan","Premium (Family)","Multiple times a day","Phone;iPad or Tablet","During car rides;During rides with public transport;Free time;During workouts;Party","5","I get great recommendations from the algorithm and discover new artists.","","Spotify","Must-have","Nice-to-have","Must-have","Must-have","Nice-to-have","Nice-to-have","Must-have","Must-have","Nice-to-have","Must-have","Must-have","Don´t need it","Must-have","Must-have","Must-have","Nice-to-have","Nice-to-have","Must-have","Must-have","Must-have","Nice-to-have","Don´t need it"
"2023/11/21 11:44:02 am CET","Female","16-24","UK","Yes","","","Spotify","Price;Feature variety;Selection of music and artists;Easy usage","Premium (Family)","Once a day","Phone;Laptop","During car rides;During rides with public transport;Free time;During studying;During workouts;Party","5","","","Deezer","Must-have","Nice-to-have","Nice-to-have","Nice-to-have","Don´t need it","Don´t need it","Nice-to-have","Must-have","Don´t need it","Don´t need it","Don´t need it","Nice-to-have","Nice-to-have","Don´t need it","Nice-to-have","Nice-to-have","Don´t need it","Nice-to-have","Don´t need it","Nice-to-have","Don´t need it","Don´t need it"
"2023/11/21 11:44:51 am CET","Male","16-24","Switzerland / Germany","Yes","","","Apple Music","Device compatibility;Subscription plan;Part of „Apple one“","Premium (Family)","Multiple times a day","Phone;Laptop;TV;iPad or Tablet","During car rides;Free time;During studying;During workouts;During work;Party","5","it‘s easy to use and works very well with all my devices.","","Apple Music","Must-have","Must-have","Must-have","Must-have","Must-have","Nice-to-have","Must-have","Must-have","Nice-to-have","Don´t need it","Don´t need it","Nice-to-have","Must-have","Must-have","Must-have","Nice-to-have","Nice-to-have","Must-have","Must-have","Nice-to-have","Nice-to-have","Don´t need it"
"2023/11/21 11:46:20 am CET","Female","16-24","Germany ","Yes","","","Spotify","Price;Selection of music and artists;Easy usage;Popularity of platform","Premium (Family)","Multiple times a day","Phone;Laptop","During car rides;During rides with public transport;Free time;During studying;During workouts;During work;Party","5","","","Spotify","Must-have","Must-have","Must-have","Must-have","Must-have","Must-have","Don´t need it","Must-have","Don´t need it","Nice-to-have","Must-have","Don´t need it","Must-have","Must-have","Must-have","Nice-to-have","Don´t need it","Must-have","Must-have","Must-have","Must-have","Don´t need it"
"2023/11/21 11:52:48 am CET","Male","16-24","Germany","No","Too pricey;Freemium is sufficient for mee","Radio;Youtube;Freemium Spotify","","","","","","","","","","","","","","","","","","","","","","","","","","","","","","","",""
"2023/11/21 11:57:52 am CET","Male","16-24","Germany","Yes","","","Apple Music","Easy usage;Device compatibility;Subscription plan","Premium (Family)","Multiple times a day","Phone;Laptop;TV;iPad or Tablet","During car rides;During rides with public transport;Free time;During studying;During workouts;During work;Party","4","I can listen to everything I want to listen to and download everything I want to","There could be better recommendations ","Apple Music","Must-have","Must-have","Nice-to-have","Nice-to-have","Nice-to-have","Nice-to-have","Don´t need it","Must-have","Don´t need it","Don´t need it","Nice-to-have","Don´t need it","Must-have","Must-have","Must-have","Nice-to-have","Don´t need it","Must-have","Nice-to-have","Must-have","Nice-to-have","Nice-to-have"
"2023/11/21 11:58:04 am CET","Female","16-24","Ireland ","Yes","","","Deezer","Price;Easy usage;Popularity of platform;French tech company ","Premium (Student)","Multiple times a day","Phone;Laptop;iPad or Tablet","During car rides;During rides with public transport;Free time;During studying;During workouts;During work;Party","4","Large selection of musics and easy of use ","SoundCloud features: amateurs and wider catalog","Apple Music","Must-have","Nice-to-have","Must-have","Don´t need it","Nice-to-have","Nice-to-have","Must-have","Must-have","Don´t need it","Must-have","Must-have","Don´t need it","Must-have","Must-have","Must-have","Nice-to-have","Nice-to-have","Must-have","Must-have","Must-have","Nice-to-have","Nice-to-have"
"2023/11/21 12:03:15 pm CET","Female","16-24","Ireland ","Yes","","","Spotify","Price;Feature variety;Selection of music and artists;Easy usage;Popularity of platform","Premium (Family)","Multiple times a day","Phone","During car rides;During rides with public transport;Free time;During studying;During workouts;Party","4","Lots of different music. ","Expensive ","Spotify","Must-have","Don´t need it","Nice-to-have","Nice-to-have","Nice-to-have","Don´t need it","Nice-to-have","Must-have","Nice-to-have","Must-have","Must-have","Nice-to-have","Must-have","Must-have","Must-have","Don´t need it","Don´t need it","Must-have","Nice-to-have","Must-have","Must-have","Don´t need it"
"2023/11/21 12:07:19 pm CET","Female","16-24","Ireland","Yes","","","Spotify","Price;Selection of music and artists;Easy usage;Device compatibility","Premium (Family)","Multiple times a day","Phone;Laptop;iPad or Tablet","During car rides;During rides with public transport;Free time;During studying;During workouts;Party","5","there is everything available I want to listen to ","","Spotify","Must-have","Nice-to-have","Nice-to-have","Nice-to-have","Nice-to-have","Must-have","Must-have","Must-have","Don´t need it","Must-have","Nice-to-have","Don´t need it","Nice-to-have","Must-have","Must-have","Nice-to-have","Don´t need it","Nice-to-have","Nice-to-have","Nice-to-have","Nice-to-have","Don´t need it"
"2023/11/21 12:08:25 pm CET","Female","16-24","Ireland ","Yes","","","Spotify","Selection of music and artists;Easy usage;Popularity of platform;Subscription plan","Premium (Family)","Multiple times a day","Phone;Laptop;iPad or Tablet","During car rides;During rides with public transport;Free time;Party","4","I can find all the music I like ","It is relatively pricey ","Apple Music","Must-have","Must-have","Must-have","Nice-to-have","Must-have","Nice-to-have","Must-have","Must-have","Nice-to-have","Must-have","Nice-to-have","Nice-to-have","Must-have","Nice-to-have","Must-have","Nice-to-have","Nice-to-have","Must-have","Nice-to-have","Nice-to-have","Nice-to-have","Don´t need it"
"2023/11/21 12:08:58 pm CET","Male","16-24","China","Yes","","","Spotify","Easy usage;Device compatibility;Subscription plan","Premium (Family)","Multiple times a day","Smart Watch;Phone;Laptop;iPad or Tablet","During car rides;During rides with public transport;Free time;During studying;During workouts;During work;Party","4","","Streaming quality could be better, Apple Music for example has better quality ","Apple Music","Must-have","Nice-to-have","Nice-to-have","Nice-to-have","Must-have","Don´t need it","Don´t need it","Must-have","Don´t need it","Don´t need it","Don´t need it","Nice-to-have","Must-have","Must-have","Must-have","Must-have","Don´t need it","Nice-to-have","Don´t need it","Nice-to-have","Nice-to-have","Nice-to-have"
"2023/11/21 12:09:00 pm CET","Female","16-24","Ireland","Yes","","","Apple Music","Selection of music and artists;Easy usage;Device compatibility","Premium (Student)","Multiple times a day","Phone;Laptop","During car rides;During rides with public transport;Free time;During studying","4","Audio quality is good","The song titles are not displayed in their native language ","Apple Music","Must-have","Nice-to-have","Nice-to-have","Must-have","Nice-to-have","Nice-to-have","Don´t need it","Must-have","Don´t need it","Don´t need it","Nice-to-have","Nice-to-have","Nice-to-have","Must-have","Must-have","Nice-to-have","Don´t need it","Nice-to-have","Must-have","Nice-to-have","Nice-to-have","Nice-to-have"
"2023/11/21 12:11:48 pm CET","Female","16-24","Ireland ","Yes","","","Spotify","Feature variety;Easy usage","Premium (Student)","Multiple times a day","Phone;Laptop","During car rides;During rides with public transport;Free time;During studying;During workouts;Party","5","I can download music and listen to it while offline. I like that the playlists have the album covers on them. I like the que song feature a lot. I also like that you can go into settings and see a list of songs you have listened to. ","I would like them to improve the folders for playlists. It’s messy and hard to use. For non-students the price is high.  The new ai DJ feature on spotify is bad and keeps playing the same songs over and over again. ","Spotify","Must-have","Don´t need it","Nice-to-have","Must-have","Must-have","Don´t need it","Must-have","Must-have","Don´t need it","Don´t need it","Nice-to-have","Don´t need it","Must-have","Must-have","Must-have","Don´t need it","Don´t need it","Must-have","Don´t need it","Nice-to-have","Must-have","Must-have"
"2023/11/21 12:13:28 pm CET","Male","16-24","germany","No","Too pricey","Radio;Vynil records;Digital Downloads;Youtube","","","","","","","","","","","","","","","","","","","","","","","","","","","","","","","",""
"2023/11/21 12:16:35 pm CET","Male","16-24","Germany ","Yes","","","Spotify","Price;Feature variety;Selection of music and artists;Easy usage","Premium (Student)","Several times a week","Phone","During car rides;During rides with public transport;During studying;During workouts;Party","4","","Certain songs are missing","Spotify","Must-have","Nice-to-have","Must-have","Nice-to-have","Must-have","Don´t need it","Must-have","Must-have","Nice-to-have","Don´t need it","Don´t need it","Nice-to-have","Must-have","Must-have","Must-have","Nice-to-have","Nice-to-have","Nice-to-have","Nice-to-have","Nice-to-have","Must-have","Nice-to-have"
"2023/11/21 12:18:06 pm CET","Female","16-24","germany","Yes","","","Spotify","Feature variety;Selection of music and artists;Easy usage;Popularity of platform","Premium (Student)","Multiple times a day","Phone;Laptop","During car rides;During rides with public transport;Free time;During studying;During workouts;During work;Party","4","I can easy find all the songs I want, custom playlists are pretty good","- ","Apple Music","Must-have","Don´t need it","Nice-to-have","Must-have","Don´t need it","Don´t need it","Must-have","Must-have","Don´t need it","Nice-to-have","Nice-to-have","Nice-to-have","Must-have","Must-have","Must-have","Nice-to-have","Nice-to-have","Must-have","Nice-to-have","Must-have","Nice-to-have","Nice-to-have"
"2023/11/21 12:19:23 pm CET","Female","16-24","Germany ","Yes","","","Spotify","Price;Selection of music and artists;Popularity of platform;Device compatibility","Premium (Student)","Several times a week","Phone","During car rides;During rides with public transport;During workouts","4","","","Deezer","Must-have","Nice-to-have","Must-have","Nice-to-have","Nice-to-have","Don´t need it","Must-have","Must-have","Don´t need it","Must-have","Nice-to-have","Don´t need it","Nice-to-have","Nice-to-have","Must-have","Nice-to-have","Don´t need it","Must-have","Nice-to-have","Nice-to-have","Nice-to-have","Don´t need it"
"2023/11/21 12:25:44 pm CET","Female","25-34","Germany ","Yes","","","Spotify","Price;Selection of music and artists;Easy usage;Popularity of platform","Premium (Family)","Multiple times a day","Phone;Laptop;SONOS APP ","During car rides;During rides with public transport;Free time;During studying;During workouts;During work;Party","5","Spotify always recommends me the best music and it always fits to my taste ","","Deezer","Must-have","Nice-to-have","Must-have","Nice-to-have","Don´t need it","Don´t need it","Must-have","Must-have","Don´t need it","Must-have","Nice-to-have","Nice-to-have","Must-have","Must-have","Must-have","Nice-to-have","Nice-to-have","Must-have","Nice-to-have","Must-have","Must-have","Don´t need it"
"2023/11/21 12:30:34 pm CET","Female","16-24","Germany","Yes","","","Spotify","Selection of music and artists;Easy usage;Popularity of platform","Premium (Family)","Multiple times a day","Phone","During car rides;During rides with public transport;Free time;Party","4","I can find and listen to nearly everything","","Spotify","Must-have","Nice-to-have","Nice-to-have","Nice-to-have","Must-have","Nice-to-have","Must-have","Must-have","Nice-to-have","Must-have","Nice-to-have","Don´t need it","Nice-to-have","Nice-to-have","Must-have","Nice-to-have","Nice-to-have","Nice-to-have","Don´t need it","Nice-to-have","Nice-to-have","Don´t need it"
"2023/11/21 12:30:40 pm CET","Female","16-24","Germany ","Yes","","","Spotify","Price;Feature variety;Selection of music and artists;Easy usage;Subscription plan","Premium (Family)","Multiple times a day","Phone;Laptop;TV;iPad or Tablet","During car rides;During rides with public transport;Free time;During studying;During workouts;During work;Party","5","You can listen to the music offline.","","Spotify","Must-have","Don´t need it","Must-have","Must-have","Must-have","Must-have","Must-have","Must-have","Must-have","Must-have","Nice-to-have","Nice-to-have","Must-have","Nice-to-have","Must-have","Nice-to-have","Don´t need it","Nice-to-have","Must-have","Nice-to-have","Nice-to-have","Nice-to-have"
"2023/11/21 12:31:21 pm CET","Female","16-24","Ireland ","Yes","","","Spotify","Feature variety;Easy usage;Popularity of platform","Premium (Family)","Multiple times a day","Phone;Laptop;iPad or Tablet","During car rides;During rides with public transport;Free time;During studying;During workouts;During work","5","","","Spotify","Must-have","Nice-to-have","Nice-to-have","Nice-to-have","Must-have","Don´t need it","Must-have","Must-have","Nice-to-have","Must-have","Nice-to-have","Don´t need it","Must-have","Must-have","Must-have","Nice-to-have","Don´t need it","Must-have","Don´t need it","Must-have","Nice-to-have","Don´t need it"
"2023/11/21 12:31:46 pm CET","Female","16-24","Germany","Yes","","","Spotify","Price;Feature variety;Easy usage;Popularity of platform;Device compatibility;Subscription plan","Premium (Family)","Multiple times a day","Phone;Laptop;TV;iPad or Tablet","During car rides;During rides with public transport;Free time;During studying;During workouts;During work","5","it has all the music I want, and my parents pay for it ","","Spotify","Must-have","Don´t need it","Nice-to-have","Must-have","Nice-to-have","Don´t need it","Must-have","Must-have","Don´t need it","Must-have","Nice-to-have","Don´t need it","Must-have","Must-have","Must-have","Nice-to-have","Don´t need it","Nice-to-have","Don´t need it","Must-have","Don´t need it","Don´t need it"
"2023/11/21 12:32:09 pm CET","Female","16-24","Netherlands ","Yes","","","Spotify","Popularity of platform;Device compatibility","Premium (Student)","Multiple times a day","Phone;Laptop;iPad or Tablet","During rides with public transport;During studying;During workouts","4","Several features, easy to use ","","Spotify","Must-have","Nice-to-have","Must-have","Nice-to-have","Nice-to-have","Nice-to-have","Must-have","Must-have","Nice-to-have","Nice-to-have","Nice-to-have","Nice-to-have","Nice-to-have","Must-have","Must-have","Nice-to-have","Nice-to-have","Nice-to-have","Don´t need it","Nice-to-have","Don´t need it","Don´t need it"
"2023/11/21 12:34:03 pm CET","Male","16-24","Ireland","Yes","","","SoundCloud ","Feature variety;Selection of music and artists;Popularity of platform;Subscription plan","Premium (Family)","Multiple times a day","Phone;Laptop;iPad or Tablet","During car rides;During rides with public transport;Free time;During studying;During workouts;During work;Party","5","","","Spotify","Must-have","Nice-to-have","Nice-to-have","Must-have","Don´t need it","Nice-to-have","Must-have","Must-have","Nice-to-have","Nice-to-have","Must-have","Must-have","Must-have","Must-have","Must-have","Nice-to-have","Don´t need it","Nice-to-have","Must-have","Must-have","Don´t need it","Don´t need it"
"2023/11/21 12:38:50 pm CET","Male","16-24","Germany","Yes","","","Spotify","Easy usage;Popularity of platform;Device compatibility","Premium (Family)","Multiple times a day","Phone","During car rides;During rides with public transport;Free time;During workouts;Party","5","Easy to use, well known platform","","Spotify","Must-have","Must-have","Must-have","Must-have","Must-have","Nice-to-have","Must-have","Must-have","Nice-to-have","Don´t need it","Must-have","Nice-to-have","Must-have","Nice-to-have","Must-have","Must-have","Nice-to-have","Must-have","Must-have","Must-have","Nice-to-have","Nice-to-have"
"2023/11/21 12:39:00 pm CET","Male","16-24","Germany","Yes","","","Spotify","Selection of music and artists;Easy usage;Popularity of platform;Device compatibility","Premium (Student)","Multiple times a day","Phone;Laptop","During rides with public transport;Free time;During work;Party","2","Spotify is very practical","Spotify have unethical buisness practices and exploit small artists","Google Music","Must-have","Don´t need it","Must-have","Don´t need it","Must-have","Must-have","Nice-to-have","Must-have","Don´t need it","Nice-to-have","Nice-to-have","Don´t need it","Don´t need it","Must-have","Nice-to-have","Nice-to-have","Don´t need it","Nice-to-have","Don´t need it","Don´t need it","Don´t need it","Don´t need it"
"2023/11/21 12:48:51 pm CET","Female","16-24","Netherlands ","Yes","","","Apple Music","My parents pay for the family account ","Premium (Family)","Multiple times a day","Phone","During car rides;During rides with public transport;Free time;During studying;During workouts;Party","5","They have all the music, its not limited ","Spotify has better podcasts","Spotify","Must-have","Don´t need it","Nice-to-have","Nice-to-have","Nice-to-have","Don´t need it","Must-have","Must-have","Don´t need it","Don´t need it","Don´t need it","Don´t need it","Don´t need it","Must-have","Must-have","Don´t need it","Don´t need it","Don´t need it","Nice-to-have","Nice-to-have","Don´t need it","Don´t need it"
"2023/11/21 12:49:08 pm CET","Female","25-34","Germany","Yes","","","Spotify","Price;Selection of music and artists;Popularity of platform","Premium (Family)","Multiple times a day","Phone","During car rides;During rides with public transport;During workouts","5","","","Apple Music","Nice-to-have","Don´t need it","Nice-to-have","Nice-to-have","Don´t need it","Don´t need it","Must-have","Must-have","Don´t need it","Must-have","Nice-to-have","Nice-to-have","Nice-to-have","Must-have","Must-have","Don´t need it","Don´t need it","Nice-to-have","Don´t need it","Nice-to-have","Don´t need it","Don´t need it"
"2023/11/21 12:49:17 pm CET","Male","16-24","Ireland ","Yes","","","Spotify","Price;Feature variety;Easy usage","Premium (Family)","Multiple times a day","Phone;Car","During car rides;During rides with public transport;During workouts;Walking","5","It learns what you like and recommends new music","","Deezer","Must-have","Nice-to-have","Nice-to-have","Nice-to-have","Must-have","Nice-to-have","Must-have","Must-have","Don´t need it","Nice-to-have","Nice-to-have","Don´t need it","Must-have","Must-have","Must-have","Nice-to-have","Don´t need it","Nice-to-have","Don´t need it","Don´t need it","Don´t need it","Don´t need it"
"2023/11/21 12:49:47 pm CET","Female","16-24","UK","Yes","","","Apple Music","Subscription plan","Premium (Family)","Several times a week","Phone","During rides with public transport;Free time;Walking","5","They have pretty much every song, easy to use, download and offline listening possible, suggestions for music similar to taste also good","I can’t share or create playlists with Spotify users in group setting","Deezer","Must-have","Nice-to-have","Nice-to-have","Must-have","Must-have","Don´t need it","Don´t need it","Must-have","Don´t need it","Don´t need it","Don´t need it","Don´t need it","Nice-to-have","Must-have","Must-have","Don´t need it","Don´t need it","Nice-to-have","Don´t need it","Nice-to-have","Nice-to-have","Don´t need it"
"2023/11/21 12:53:15 pm CET","Female","16-24","Czech Republic ","Yes","","","Spotify","Easy usage;Subscription plan","Premium (Family)","Multiple times a day","Phone;Laptop","During rides with public transport;Free time;During workouts;Party","4","","","Spotify","Must-have","Nice-to-have","Nice-to-have","Must-have","Nice-to-have","Nice-to-have","Must-have","Must-have","Nice-to-have","Must-have","Don´t need it","Don´t need it","Don´t need it","Must-have","Must-have","Nice-to-have","Don´t need it","Nice-to-have","Nice-to-have","Nice-to-have","Nice-to-have","Nice-to-have"
"2023/11/21 12:58:25 pm CET","Female","16-24","Austria","Yes","","","Spotify","Feature variety;Selection of music and artists;Easy usage;Popularity of platform","Premium (Family)","Multiple times a day","Phone;TV","During car rides;During rides with public transport;Free time;During workouts;Party","5","","","Spotify","Must-have","Don´t need it","Nice-to-have","Nice-to-have","Nice-to-have","Nice-to-have","Must-have","Must-have","Nice-to-have","Must-have","Must-have","Don´t need it","Must-have","Nice-to-have","Nice-to-have","Don´t need it","Nice-to-have","Must-have","Don´t need it","Must-have","Must-have","Nice-to-have"
"2023/11/21 12:59:22 pm CET","Female","16-24","Switzerland","Yes","","","Apple Music","Price;Selection of music and artists;Device compatibility","Premium (Student)","Multiple times a day","Phone;Laptop;iPad or Tablet","During car rides;During rides with public transport;Free time;During studying;During workouts;Party","4","The use of Apple Music is quite simple. Next to your own playlists that you create, there are multiple playlists already premade by Apple Music which I really enjoy if I’m getting tired of my own playlists. In addition Apple Music often gives recommandations of songs or artists which you could also enjoy and this allows you to discover new artists. ","I have the feeling that sometimes not all songs can be streamed on Apple Music. Especially songs or albums from artists that aren’t maybe as famous yet. ","Spotify","Must-have","Must-have","Nice-to-have","Nice-to-have","Nice-to-have","Nice-to-have","Nice-to-have","Must-have","Don´t need it","Don´t need it","Nice-to-have","Nice-to-have","Must-have","Must-have","Must-have","Nice-to-have","Don´t need it","Nice-to-have","Nice-to-have","Nice-to-have","Nice-to-have","Don´t need it"
"2023/11/21 1:00:58 pm CET","Female","16-24","Germany","Yes","","","Spotify","Price;Feature variety;Selection of music and artists;Easy usage","Premium (Student)","Multiple times a day","Phone;iPad or Tablet","During car rides;During rides with public transport;Free time;During studying;During workouts;Party","5","","","Spotify","Must-have","Must-have","Must-have","Don´t need it","Don´t need it","Don´t need it","Must-have","Must-have","Don´t need it","Don´t need it","Nice-to-have","Nice-to-have","Nice-to-have","Must-have","Must-have","Don´t need it","Don´t need it","Must-have","Nice-to-have","Must-have","Must-have","Don´t need it"
"2023/11/21 1:04:24 pm CET","Female","16-24","Poland ","Yes","","","Spotify","Price;Popularity of platform","Premium (Family)","Multiple times a day","Phone;TV","During car rides;During rides with public transport;Free time;During studying;During workouts;During work;Party","4","","","Spotify","Must-have","Nice-to-have","Must-have","Nice-to-have","Don´t need it","Nice-to-have","Must-have","Must-have","Don´t need it","Must-have","Don´t need it","Don´t need it","Nice-to-have","Nice-to-have","Must-have","Don´t need it","Don´t need it","Must-have","Nice-to-have","Must-have","Nice-to-have","Don´t need it"
"2023/11/21 1:05:19 pm CET","Female","16-24","Netherlands","Yes","","","Spotify","Selection of music and artists;Easy usage;Popularity of platform","Premium (Family)","Once a day","Phone;Laptop","During car rides;During rides with public transport;Free time;During studying;During workouts;Party","4","","","Spotify","Must-have","Must-have","Nice-to-have","Nice-to-have","Must-have","Don´t need it","Don´t need it","Must-have","Don´t need it","Nice-to-have","Don´t need it","Don´t need it","Must-have","Don´t need it","Don´t need it","Don´t need it","Don´t need it","Nice-to-have","Don´t need it","Don´t need it","Don´t need it","Don´t need it"
"2023/11/21 1:08:54 pm CET","Male","16-24","Switzerland","Yes","","","Spotify","Feature variety;Selection of music and artists;Easy usage;Popularity of platform;Device compatibility","Free","Multiple times a day","Phone","During car rides;During rides with public transport;Free time;During studying;During workouts;During work;Party","5","","","Spotify","Must-have","Must-have","Must-have","Nice-to-have","Must-have","Must-have","Don´t need it","Must-have","Don´t need it","Don´t need it","Don´t need it","Don´t need it","Must-have","Must-have","Must-have","Must-have","Must-have","Must-have","Don´t need it","Must-have","Must-have","Don´t need it"
"2023/11/21 1:13:45 pm CET","Female","16-24","Ireland","Yes","","","Spotify","Selection of music and artists;Easy usage;Popularity of platform;Device compatibility","Premium (Duo)","Multiple times a day","Phone;Laptop;TV;iPad or Tablet","During car rides;During rides with public transport;Free time;During studying;During workouts;Party","5","it’s so easy to use","i have to pay","Spotify","Must-have","Nice-to-have","Nice-to-have","Nice-to-have","Nice-to-have","Nice-to-have","Must-have","Must-have","Don´t need it","Must-have","Nice-to-have","Don´t need it","Nice-to-have","Must-have","Must-have","Nice-to-have","Don´t need it","Nice-to-have","Nice-to-have","Nice-to-have","Don´t need it","Don´t need it"
"2023/11/21 1:21:00 pm CET","Female","45-54","Belgium ","Yes","","","Spotify","Feature variety;Easy usage","Premium (Family)","Multiple times a day","Phone;Laptop","During car rides;During rides with public transport;Free time;During studying;During workouts;During work;Party","5","It's easy, with a lot of variety","","Google Music","Must-have","Don´t need it","Nice-to-have","Must-have","Nice-to-have","Don´t need it","Nice-to-have","Must-have","Don´t need it","Don´t need it","Don´t need it","Don´t need it","Don´t need it","Must-have","Must-have","Don´t need it","Don´t need it","Don´t need it","Don´t need it","Don´t need it","Don´t need it","Don´t need it"
"2023/11/21 1:30:02 pm CET","Female","16-24","Germany ","Yes","","","Spotify","Price;Feature variety;Easy usage;Popularity of platform","Premium (Student)","Once a day","Phone","During rides with public transport;Free time;During studying;During workouts","4","","","Apple Music","Must-have","Nice-to-have","Must-have","Nice-to-have","Nice-to-have","Don´t need it","Don´t need it","Must-have","Don´t need it","Must-have","Nice-to-have","Don´t need it","Nice-to-have","Must-have","Must-have","Nice-to-have","Don´t need it","Nice-to-have","Nice-to-have","Must-have","Nice-to-have","Don´t need it"
"2023/11/21 1:31:25 pm CET","Male","16-24","Belgique","Yes","","","Deezer","Device compatibility","Premium (Family)","Multiple times a day","Phone;Laptop","During car rides;During rides with public transport;Free time;During studying;During workouts;During work","4","","","Spotify","Must-have","Nice-to-have","Nice-to-have","Must-have","Must-have","Nice-to-have","Nice-to-have","Must-have","Nice-to-have","Don´t need it","Don´t need it","Don´t need it","Nice-to-have","Must-have","Nice-to-have","Nice-to-have","Don´t need it","Must-have","Don´t need it","Must-have","Must-have","Don´t need it"
"2023/11/21 1:33:31 pm CET","Male","25-34","UK","No","Too pricey;I prefer physical ownership (CD, Vynil)","Radio;Digital Downloads","","","","","","","","","","","","","","","","","","","","","","","","","","","","","","","",""
"2023/11/21 1:42:47 pm CET","Male","16-24","Germany","Yes","","","Idagio","Easy usage;Popularity of platform","Premium (Family)","Once a day","Phone","During car rides;Free time;During workouts;Party","4","it works","Spotify has a very small range of Classical Music","Spotify","Must-have","Don´t need it","Nice-to-have","Must-have","Nice-to-have","Don´t need it","Don´t need it","Nice-to-have","Don´t need it","Don´t need it","Nice-to-have","Don´t need it","Don´t need it","Nice-to-have","Must-have","Don´t need it","Don´t need it","Don´t need it","Don´t need it","Don´t need it","Must-have","Don´t need it"
"2023/11/21 1:47:27 pm CET","Diverse","65 or older","Berlin","No","Heinz","I don´t listen to music","","","","","","","","","","","","","","","","","","","","","","","","","","","","","","","",""
"2023/11/21 1:49:47 pm CET","Female","16-24","Austria","Yes","","","Apple Music","Easy usage;Device compatibility;Subscription plan","Premium (Family)","Multiple times a day","Phone;Laptop;iPad or Tablet","During car rides;During rides with public transport;Free time;During studying;During workouts;Party","4","it’s easy to use, works well on my Apple products, is cheap ","It doesn’t have a good yearly wrap up system ","Apple Music","Nice-to-have","Don´t need it","Nice-to-have","Must-have","Nice-to-have","Nice-to-have","Don´t need it","Must-have","Don´t need it","Don´t need it","Don´t need it","Nice-to-have","Must-have","Must-have","Must-have","Must-have","Don´t need it","Must-have","Nice-to-have","Must-have","Must-have","Nice-to-have"
"2023/11/21 1:53:18 pm CET","Female","16-24","Ireland","Yes","","","Spotify","Selection of music and artists;Easy usage;Popularity of platform;Device compatibility;Subscription plan","Premium (Student)","Multiple times a day","Phone;Laptop;iPad or Tablet","During car rides;During rides with public transport;Free time;During studying;During workouts;During work;Party","5","","","Spotify","Nice-to-have","Don´t need it","Nice-to-have","Nice-to-have","Must-have","Don´t need it","Must-have","Must-have","Don´t need it","Don´t need it","Don´t need it","Don´t need it","Nice-to-have","Must-have","Must-have","Don´t need it","Don´t need it","Nice-to-have","Nice-to-have","Must-have","Nice-to-have","Don´t need it"
"2023/11/21 1:55:15 pm CET","Female","16-24","Germany","Yes","","","Spotify","Easy usage;Popularity of platform;Device compatibility;Subscription plan","Premium (Student)","Multiple times a day","Phone;Laptop;iPad or Tablet","During car rides;During rides with public transport;Free time;During studying;During workouts;Party","5","","","Apple Music","Must-have","Nice-to-have","Must-have","Nice-to-have","Don´t need it","Nice-to-have","Nice-to-have","Must-have","Don´t need it","Nice-to-have","Nice-to-have","Nice-to-have","Nice-to-have","Nice-to-have","Nice-to-have","Nice-to-have","Don´t need it","Nice-to-have","Don´t need it","Nice-to-have","Nice-to-have","Don´t need it"
"2023/11/21 2:00:42 pm CET","Female","16-24","France","Yes","","","Spotify","Feature variety;Easy usage;Popularity of platform;Device compatibility","Premium (Student)","Multiple times a day","Smart Watch;Phone;Laptop","During car rides;During rides with public transport;Free time;During studying;During workouts;Party","5","Songtexts, everything I need is there","Very few audiobooks","Spotify","Must-have","Nice-to-have","Nice-to-have","Must-have","Nice-to-have","Nice-to-have","Must-have","Must-have","Don´t need it","Must-have","Nice-to-have","Don´t need it","Don´t need it","Must-have","Must-have","Nice-to-have","Don´t need it","Nice-to-have","Nice-to-have","Nice-to-have","Nice-to-have","Don´t need it"
"2023/11/21 2:10:40 pm CET","Female","16-24","Ireland","Yes","","","SoundCloud (although i pay for spotify and not soundcloud)","Feature variety;Selection of music and artists","Free","Multiple times a day","Phone","During car rides;During rides with public transport;During workouts;Party","4","variety of artists, features their live sets and remixes which spotify doesn’t have ","there is ads but i am aware that this wouldn’t be an issue if i paid for it","Deezer","Must-have","Don´t need it","Don´t need it","Don´t need it","Nice-to-have","Nice-to-have","Don´t need it","Nice-to-have","Don´t need it","Don´t need it","Nice-to-have","Don´t need it","Must-have","Must-have","Must-have","Don´t need it","Don´t need it","Must-have","Don´t need it","Nice-to-have","Don´t need it","Don´t need it"
"2023/11/21 2:15:53 pm CET","Male","16-24","Germany","No","Too pricey","Radio;Youtube;Concerts","","","","","","","","","","","","","","","","","","","","","","","","","","","","","","","",""
"2023/11/21 2:18:43 pm CET","Female","55-64","ITALY","No","I never really thought about it","Radio","","","","","","","","","","","","","","","","","","","","","","","","","","","","","","","",""
"2023/11/21 2:27:12 pm CET","Female","16-24","Belgium","Yes","","","Spotify","Price;Feature variety;Selection of music and artists;Easy usage;Popularity of platform","Premium (Family)","Multiple times a day","Phone;TV","During rides with public transport;Free time;Party","4","","","Spotify","Must-have","Nice-to-have","Nice-to-have","Nice-to-have","Nice-to-have","Nice-to-have","Nice-to-have","Must-have","Don´t need it","Don´t need it","Must-have","Don´t need it","Must-have","Must-have","Must-have","Nice-to-have","Don´t need it","Must-have","Don´t need it","Must-have","Nice-to-have","Don´t need it"
"2023/11/21 3:14:19 pm CET","Female","16-24","US","Yes","","","Spotify","Price;Selection of music and artists;Easy usage;Popularity of platform","Premium (Family)","Multiple times a day","Phone;Laptop","During car rides;During rides with public transport;Free time;During studying;During workouts;Party","4","User experience is great, Spotify generally has all the songs/ artists I want to listen to, great podcast selection, Spotify wrap is fun","Sometimes the algorithm could be better at suggesting new songs that I could like","Spotify","Nice-to-have","Must-have","Must-have","Must-have","Don´t need it","Nice-to-have","Must-have","Must-have","Don´t need it","Must-have","Nice-to-have","Nice-to-have","Must-have","Must-have","Must-have","Don´t need it","Don´t need it","Must-have","Must-have","Must-have","Nice-to-have","Nice-to-have"
"2023/11/21 3:22:31 pm CET","Female","16-24","Germany ","Yes","","","Spotify","Price;Selection of music and artists;Easy usage;Popularity of platform;Subscription plan","Premium (Family)","Multiple times a day","Phone","During car rides;During rides with public transport;Free time;During studying;During workouts;During work;Party","5","","","Spotify","Must-have","Nice-to-have","Nice-to-have","Must-have","Must-have","Nice-to-have","Must-have","Must-have","Nice-to-have","Must-have","Don´t need it","Don´t need it","Must-have","Must-have","Must-have","Nice-to-have","Nice-to-have","Must-have","Must-have","Must-have","Don´t need it","Don´t need it"
"2023/11/21 3:32:28 pm CET","Male","16-24","Canada","Yes","","","Spotify","Price;Easy usage;Device compatibility","Premium (Student)","Multiple times a day","Phone;Laptop;TV;iPad or Tablet","During rides with public transport;Free time;During workouts;Party","5","","","Apple Music","Must-have","Must-have","Nice-to-have","Don´t need it","Don´t need it","Don´t need it","Don´t need it","Nice-to-have","Don´t need it","Don´t need it","Don´t need it","Don´t need it","Nice-to-have","Must-have","Must-have","Nice-to-have","Don´t need it","Don´t need it","Don´t need it","Nice-to-have","Don´t need it","Don´t need it"
"2023/11/21 3:34:22 pm CET","Female","16-24","Ireland","Yes","","","Spotify","Price;Selection of music and artists;Popularity of platform;Subscription plan","Premium (Family)","Multiple times a day","Phone;Laptop","During car rides;During rides with public transport;Free time;During studying;During workouts;During work;Party","4","","","Apple Music","Must-have","Nice-to-have","Nice-to-have","Must-have","Must-have","Don´t need it","Must-have","Must-have","Don´t need it","Nice-to-have","Nice-to-have","Nice-to-have","Nice-to-have","Must-have","Must-have","Nice-to-have","Don´t need it","Don´t need it","Nice-to-have","Nice-to-have","Nice-to-have","Don´t need it"
"2023/11/21 4:04:54 pm CET","Female","16-24","Germany","Yes","","","Spotify","Price;Easy usage;Popularity of platform","Premium (Family)","Multiple times a day","Phone;TV;iPad or Tablet","During car rides;During rides with public transport;Free time;During studying;During workouts;Party","5","No publicity and easy to use ","","Deezer","Must-have","Nice-to-have","Nice-to-have","Nice-to-have","Nice-to-have","Don´t need it","Must-have","Must-have","Nice-to-have","Nice-to-have","Nice-to-have","Nice-to-have","Nice-to-have","Don´t need it","Must-have","Nice-to-have","Don´t need it","Don´t need it","Don´t need it","Nice-to-have","Nice-to-have","Nice-to-have"
"2023/11/21 4:18:30 pm CET","Female","16-24","Germany","Yes","","","Spotify","Price;Easy usage;Popularity of platform","Premium (Family)","Multiple times a day","Phone","During car rides;During rides with public transport;During work","4","","","Apple Music","Must-have","Nice-to-have","Nice-to-have","Nice-to-have","Must-have","Nice-to-have","Must-have","Must-have","Nice-to-have","Must-have","Nice-to-have","Nice-to-have","Don´t need it","Nice-to-have","Must-have","Nice-to-have","Nice-to-have","Must-have","Nice-to-have","Nice-to-have","Don´t need it","Don´t need it"
"2023/11/21 4:28:10 pm CET","Female","25-34","Italy","Yes","","","Spotify","Price;Selection of music and artists","Premium (Family)","Once a week","Phone;Laptop;iPad or Tablet","During car rides;During rides with public transport;Cooking","4","","","Apple Music","Must-have","Nice-to-have","Don´t need it","Nice-to-have","Don´t need it","Nice-to-have","Must-have","Must-have","Don´t need it","Nice-to-have","Must-have","Nice-to-have","Must-have","Must-have","Must-have","Nice-to-have","Don´t need it","Nice-to-have","Don´t need it","Nice-to-have","Nice-to-have","Don´t need it"
"2023/11/21 4:34:54 pm CET","Female","55-64","Germany","Yes","","","Amazon prime","As I am an Amazon prime user/customer","Premium (Individual)","Rarely","Laptop","Free time;During work","3","","","Google Music","Nice-to-have","Don´t need it","Nice-to-have","Nice-to-have","Don´t need it","Don´t need it","Nice-to-have","Must-have","Don´t need it","Nice-to-have","Nice-to-have","Nice-to-have","Don´t need it","Nice-to-have","Must-have","Nice-to-have","Nice-to-have","Don´t need it","Nice-to-have","Nice-to-have","Nice-to-have","Nice-to-have"
"2023/11/21 5:36:13 pm CET","Male","55-64","Germany","No","Too pricey;I never really thought about it","Radio;Digital Downloads;Concerts","","","","","","","","","","","","","","","","","","","","","","","","","","","","","","","",""
"2023/11/21 5:55:37 pm CET","Male","16-24","Ireland ","Yes","","","Apple Music","Easy usage;Device compatibility;Subscription plan","Premium (Family)","Multiple times a day","Phone","During car rides;During rides with public transport;Free time;During workouts;Party","4","Ease of use, design, compatibility with other devices","Lack of playlist in comparison to e.g. Spotify ","Apple Music","Must-have","Must-have","Nice-to-have","Nice-to-have","Don´t need it","Don´t need it","Don´t need it","Must-have","Don´t need it","Nice-to-have","Don´t need it","Don´t need it","Don´t need it","Must-have","Must-have","Nice-to-have","Don´t need it","Must-have","Nice-to-have","Nice-to-have","Nice-to-have","Don´t need it"
"2023/11/21 6:15:27 pm CET","Female","16-24","Germany","Yes","","","Amazon Music","Feature variety;Device compatibility","Premium (Family)","Multiple times a day","Phone","At home","4","","","Spotify","Must-have","Nice-to-have","Nice-to-have","Must-have","Nice-to-have","Don´t need it","Must-have","Must-have","Don´t need it","Nice-to-have","Must-have","Don´t need it","Must-have","Nice-to-have","Nice-to-have","Don´t need it","Don´t need it","Must-have","Don´t need it","Nice-to-have","Nice-to-have","Nice-to-have"
"2023/11/21 6:48:28 pm CET","Female","25-34","Germany ","Yes","","","Spotify","Price;Selection of music and artists;Easy usage","Somebody else’s hehe","Multiple times a day","Phone","During car rides;During rides with public transport;Free time;During workouts;Party;Walking places ","4","I always find everything I’m looking for ","","Spotify","Must-have","Nice-to-have","Must-have","Must-have","Nice-to-have","Don´t need it","Don´t need it","Must-have","Don´t need it","Must-have","Nice-to-have","Don´t need it","Nice-to-have","Must-have","Nice-to-have","Nice-to-have","Don´t need it","Must-have","Nice-to-have","Nice-to-have","Must-have","Nice-to-have"
"2023/11/21 7:17:03 pm CET","Female","45-54","Germany","Yes","","","Spotify","Price","Premium (Family)","Several times a week","Phone","During car rides","4","They have all kind of music ","","Spotify","Must-have","Nice-to-have","Must-have","Nice-to-have","Don´t need it","Nice-to-have","Must-have","Must-have","Nice-to-have","Don´t need it","Nice-to-have","Don´t need it","Nice-to-have","Must-have","Nice-to-have","Nice-to-have","Don´t need it","Nice-to-have","Nice-to-have","Must-have","Nice-to-have","Don´t need it"
"2023/11/21 8:34:32 pm CET","Male","25-34","Ireland","Yes","","","Spotify","Price;Selection of music and artists;Popularity of platform;Device compatibility","Premium (Student)","Once a day","Phone;Laptop;TV","During rides with public transport;Free time;During studying;During work;Party","5","Excellent music selection","Occasional technical errors (playback not available until restart)","Spotify","Must-have","Must-have","Must-have","Nice-to-have","Don´t need it","Don´t need it","Don´t need it","Must-have","Don´t need it","Must-have","Don´t need it","Don´t need it","Must-have","Must-have","Nice-to-have","Don´t need it","Nice-to-have","Don´t need it","Nice-to-have","Nice-to-have","Don´t need it","Don´t need it"
"2023/11/21 8:46:42 pm CET","Female","55-64","Belgium ","Yes","","","Apple Music","Subscription plan","Premium (Family)","A few times a month","Phone;iPad or Tablet","During car rides;Party","5","It’s my music ","","Google Music","Nice-to-have","Don´t need it","Don´t need it","Don´t need it","Don´t need it","Don´t need it","Nice-to-have","Don´t need it","Don´t need it","Nice-to-have","Don´t need it","Don´t need it","Nice-to-have","Must-have","Nice-to-have","Don´t need it","Don´t need it","Nice-to-have","Don´t need it","Must-have","Don´t need it","Don´t need it"
"2023/11/21 8:48:15 pm CET","Male","16-24","Germany","Yes","","","Spotify","Selection of music and artists;Easy usage;Popularity of platform","Premium (Family)","Multiple times a day","Phone;Laptop","During car rides;During rides with public transport;Free time;During studying;During workouts","5","It has all the titles I wanna hear.","","Spotify","Must-have","Nice-to-have","Nice-to-have","Must-have","Must-have","Nice-to-have","Must-have","Must-have","Don´t need it","Nice-to-have","Don´t need it","Nice-to-have","Don´t need it","Nice-to-have","Nice-to-have","Nice-to-have","Don´t need it","Don´t need it","Don´t need it","Nice-to-have","Nice-to-have","Don´t need it"
"2023/11/21 9:05:33 pm CET","Male","16-24","Ireland","Yes","","","Spotify","Price;Selection of music and artists;Popularity of platform","Premium (Family)","Multiple times a day","Phone;Laptop;TV","During car rides;During rides with public transport;Free time;During studying;During workouts;During work;Party","5","has everything i need music wise","","Spotify","Must-have","Don´t need it","Don´t need it","Must-have","Must-have","Nice-to-have","Don´t need it","Must-have","Don´t need it","Don´t need it","Don´t need it","Don´t need it","Nice-to-have","Must-have","Must-have","Nice-to-have","Nice-to-have","Don´t need it","Don´t need it","Don´t need it","Don´t need it","Don´t need it"
"2023/11/21 9:23:57 pm CET","Male","16-24","Germany ","Yes","","","Spotify","Selection of music and artists;Popularity of platform;Subscription plan","Premium (Family)","Multiple times a day","Phone","During car rides;During rides with public transport;Free time;During workouts;Party;","5","","","Apple Music","Must-have","Don´t need it","Nice-to-have","Nice-to-have","Must-have","Don´t need it","Must-have","Must-have","Don´t need it","Must-have","Must-have","Don´t need it","Nice-to-have","Must-have","Must-have","Nice-to-have","Don´t need it","Must-have","Don´t need it","Nice-to-have","Don´t need it","Don´t need it"
"2023/11/21 10:51:51 pm CET","Female","16-24","Spain","Yes","","","Spotify","Price","Premium (Student)","Multiple times a day","Smart Watch;Phone;Laptop;TV;iPad or Tablet","During car rides;During rides with public transport;Free time;During studying;During workouts;During work;Party","5","","","Apple Music","Must-have","Must-have","Must-have","Nice-to-have","Must-have","Don´t need it","Nice-to-have","Must-have","Don´t need it","Nice-to-have","Must-have","Don´t need it","Don´t need it","Must-have","Must-have","Must-have","Don´t need it","Nice-to-have","Must-have","Must-have","Nice-to-have","Don´t need it"
"2023/11/22 12:09:10 am CET","Female","16-24","Germany","Yes","","","Spotify","Price;Selection of music and artists;Easy usage;Popularity of platform","Premium (Family)","Multiple times a day","Phone","During car rides;Free time;During workouts;During work;Party","5","Of the selection","","Spotify","Must-have","Nice-to-have","Nice-to-have","Must-have","Must-have","Don´t need it","Nice-to-have","Must-have","Don´t need it","Nice-to-have","Don´t need it","Don´t need it","Nice-to-have","Don´t need it","Nice-to-have","Don´t need it","Don´t need it","Nice-to-have","Nice-to-have","Nice-to-have","Nice-to-have","Don´t need it"
"2023/11/22 9:49:52 am CET","Female","16-24","Kildare","Yes","","","Spotify","Feature variety;Selection of music and artists;Popularity of platform;Subscription plan","Premium (Family)","Multiple times a day","Phone;Laptop","During car rides;During rides with public transport;Free time;During studying;During workouts;During work;Party","5","Spotify is easy to use, and I use it all the time","","Spotify","Must-have","Don´t need it","Nice-to-have","Must-have","Must-have","Nice-to-have","Nice-to-have","Must-have","Nice-to-have","Nice-to-have","Must-have","Don´t need it","Must-have","Must-have","Must-have","Nice-to-have","Don´t need it","Nice-to-have","Don´t need it","Nice-to-have","Nice-to-have","Don´t need it"
"2023/11/22 3:32:48 pm CET","Prefer not to say","25-34","Germany","Yes","","","Spotify","Feature variety;Easy usage;Popularity of platform;Device compatibility","Premium (Individual)","Multiple times a day","Phone;TV","During car rides;During rides with public transport;Free time;During workouts;Party","5","Simple, effiecient usage, New music discovery simplified through music sharing communities, public playlists, I can see what my friends are listening to, … + Spotify Wrapped experience end of the year","","Spotify","Must-have","Nice-to-have","Must-have","Don´t need it","Must-have","Nice-to-have","Must-have","Don´t need it","Don´t need it","Don´t need it","Must-have","Don´t need it","Must-have","Must-have","Must-have","Don´t need it","Nice-to-have","Must-have","Don´t need it","Must-have","Nice-to-have","Don´t need it"
"2023/11/22 4:27:12 pm CET","Male","16-24","Germany ","Yes","","","Spotify","Price;Feature variety;Easy usage;Popularity of platform","Premium (Student)","Multiple times a day","Phone;Laptop","During car rides;During rides with public transport;Free time;During studying;During workouts;Party","5","","","Apple Music","Must-have","Nice-to-have","Must-have","Don´t need it","Nice-to-have","Don´t need it","Nice-to-have","Must-have","Don´t need it","Don´t need it","Don´t need it","Don´t need it","Nice-to-have","Must-have","Must-have","Don´t need it","Don´t need it","Nice-to-have","Nice-to-have","Nice-to-have","Nice-to-have","Don´t need it"
"2023/11/22 4:49:51 pm CET","Male","16-24","Germany","Yes","","","Spotify","Easy usage;Popularity of platform;Device compatibility","Premium (Family)","Multiple times a day","Phone;iPad or Tablet","During car rides;During rides with public transport;Free time;During studying;During workouts;During work;Party","4","easy usage and new functions like session sharing","","Spotify","Must-have","Nice-to-have","Must-have","Must-have","Must-have","Don´t need it","Nice-to-have","Must-have","Don´t need it","Don´t need it","Nice-to-have","Don´t need it","Must-have","Must-have","Must-have","Nice-to-have","Don´t need it","Nice-to-have","Nice-to-have","Nice-to-have","Nice-to-have","Don´t need it"
"2023/11/23 10:50:46 am CET","Male","16-24","Ireland ","Yes","","","Spotify","Selection of music and artists;Easy usage;Device compatibility;Subscription plan","Premium (Student)","Multiple times a day","Phone;Laptop","During car rides;During rides with public transport;Free time;During workouts;Party","5","I have been using Spotify premium for years now and have never had any problems.","Certain remixes or unreleased songs aren’t on Spotify","Spotify","Must-have","Nice-to-have","Nice-to-have","Nice-to-have","Nice-to-have","Nice-to-have","Nice-to-have","Must-have","Nice-to-have","Nice-to-have","Must-have","Don´t need it","Must-have","Nice-to-have","Must-have","Must-have","Nice-to-have","Nice-to-have","Nice-to-have","Must-have","Must-have","Nice-to-have"
"2023/11/23 11:17:20 am CET","Male","16-24","Germany","Yes","","","Spotify","Selection of music and artists;Easy usage","Premium (Individual)","Multiple times a day","Phone;Laptop","During car rides;Free time;Party","5","","","Spotify","Nice-to-have","Must-have","Nice-to-have","Nice-to-have","Must-have","Nice-to-have","Nice-to-have","Must-have","Don´t need it","Nice-to-have","Must-have","Don´t need it","Nice-to-have","Nice-to-have","Must-have","Nice-to-have","Don´t need it","Nice-to-have","Nice-to-have","Must-have","Nice-to-have","Don´t need it"
"2023/11/23 12:16:47 pm CET","Female","16-24","Spain","Yes","","","Spotify","Easy usage;Popularity of platform;Device compatibility","Premium (Individual)","Multiple times a day","Phone;Laptop","During car rides;During rides with public transport;Free time;During studying","4","","","Apple Music","Must-have","Nice-to-have","Nice-to-have","Nice-to-have","Must-have","Don´t need it","Nice-to-have","Nice-to-have","Don´t need it","Nice-to-have","Must-have","Don´t need it","Must-have","Nice-to-have","Must-have","Don´t need it","Don´t need it","Must-have","Don´t need it","Don´t need it","Don´t need it","Don´t need it"
"2023/11/28 11:07:38 am CET","Male","16-24","Germany","Yes","","","Spotify","Easy usage;Popularity of platform;Device compatibility","Premium (Family)","Multiple times a day","Phone;Laptop","During car rides;During rides with public transport;Free time;During studying;During workouts;During work;Party","5","it is super easy to use","","Spotify","Must-have","Must-have","Must-have","Nice-to-have","Nice-to-have","Don´t need it","Must-have","Must-have","Don´t need it","Nice-to-have","Nice-to-have","Nice-to-have","Nice-to-have","Don´t need it","Must-have","Nice-to-have","Don´t need it","Nice-to-have","Don´t need it","Nice-to-have","Nice-to-have","Don´t need it"
"2023/11/28 11:08:46 am CET","Male","16-24","Germany","Yes","","","Spotify","Selection of music and artists;Popularity of platform","Premium (Family)","Several times a week","Phone","During car rides;During rides with public transport","4","","","Deezer","Nice-to-have","Nice-to-have","Nice-to-have","Don´t need it","Must-have","Don´t need it","Nice-to-have","Must-have","Don´t need it","Nice-to-have","Nice-to-have","Don´t need it","Don´t need it","Nice-to-have","Nice-to-have","Don´t need it","Nice-to-have","Nice-to-have","Don´t need it","Must-have","Nice-to-have","Don´t need it"
"2023/11/28 11:20:55 am CET","Female","16-24","Germany ","Yes","","","Spotify","Price;Easy usage;Popularity of platform;Device compatibility","Premium (Family)","Multiple times a day","Phone;Laptop","During car rides;During rides with public transport;Free time;During studying;Party","4","","","Spotify","Must-have","Nice-to-have","Nice-to-have","Don´t need it","Nice-to-have","Nice-to-have","Don´t need it","Must-have","Nice-to-have","Must-have","Must-have","Don´t need it","Nice-to-have","Must-have","Must-have","Nice-to-have","Don´t need it","Nice-to-have","Don´t need it","Nice-to-have","Nice-to-have","Don´t need it"
"2023/11/28 11:37:26 am CET","Female","16-24","Germany ","Yes","","","Spotify","Feature variety;Selection of music and artists;Easy usage;Popularity of platform","Premium (Duo)","Multiple times a day","Phone","During car rides;During rides with public transport;Free time;During studying","5","","","Deezer","Nice-to-have","Don´t need it","Nice-to-have","Nice-to-have","Don´t need it","Nice-to-have","Nice-to-have","Must-have","Don´t need it","Must-have","Must-have","Don´t need it","Must-have","Don´t need it","Nice-to-have","Don´t need it","Don´t need it","Nice-to-have","Don´t need it","Must-have","Nice-to-have","Don´t need it"
"2023/11/28 3:53:08 pm CET","Female","16-24","Germany","Yes","","","Spotify","Selection of music and artists;Easy usage;Popularity of platform","Premium (Family)","Multiple times a day","Phone","During car rides;During rides with public transport;Free time","5","","","Spotify","Must-have","Don´t need it","Nice-to-have","Nice-to-have","Don´t need it","Nice-to-have","Must-have","Must-have","Nice-to-have","Nice-to-have","Nice-to-have","Don´t need it","Nice-to-have","Must-have","Must-have","Nice-to-have","Nice-to-have","Nice-to-have","Nice-to-have","Must-have","Nice-to-have","Don´t need it"
"2023/11/29 7:56:36 pm CET","Female","45-54","Germany","Yes","","","Spotify","Price;Easy usage","Free","Rarely","iPad or Tablet","Free time;Party","3","Its free","Choice is bad","Apple Music","Must-have","Don´t need it","Nice-to-have","Must-have","Must-have","Don´t need it","Don´t need it","Nice-to-have","Nice-to-have","Don´t need it","Nice-to-have","Must-have","Must-have","Must-have","Must-have","Nice-to-have","Nice-to-have","Must-have","Nice-to-have","Nice-to-have","Nice-to-have","Don´t need it"
"2023/11/29 8:01:20 pm CET","Male","45-54","Deutschland","Yes","","","Amazon Music","Easy usage","Part of Amazon Prime","A few times a month","Sonos","Household work","3","Convenient","Very limited usability","Spotify","Must-have","Nice-to-have","Nice-to-have","Nice-to-have","Must-have","Don´t need it","Must-have","Must-have","Nice-to-have","Nice-to-have","Must-have","Nice-to-have","Don´t need it","Must-have","Must-have","Nice-to-have","Nice-to-have","Don´t need it","Don´t need it","Nice-to-have","Nice-to-have","Nice-to-have"
"2023/11/29 8:15:38 pm CET","Female","16-24","Germany","No","I prefer physical ownership (CD, Vynil)","Radio;CDs;Youtube","","","","","","","","","","","","","","","","","","","","","","","","","","","","","","","",""
"2023/12/01 1:10:08 pm CET","Female","25-34","Germany ","Yes","","","Spotify","Price;Selection of music and artists;Easy usage;Popularity of platform","Premium (Family)","Once a day","Phone;Laptop;iPad or Tablet","During car rides;During rides with public transport;Free time;During work;Party","4","","","Google Music","Must-have","Nice-to-have","Must-have","Nice-to-have","Nice-to-have","Nice-to-have","Must-have","Must-have","Don´t need it","Nice-to-have","Nice-to-have","Don´t need it","Nice-to-have","Nice-to-have","Must-have","Nice-to-have","Don´t need it","Nice-to-have","Don´t need it","Nice-to-have","Don´t need it","Don´t need it"